A1,A2,t
1.000000000000000056e-01,0.000000000000000000e+00,0.000000000000000000e+00
8.267129856495145090e-02,1.726428989690215188e-02,1.000000000000000056e-01
6.834225352993079927e-02,3.141583052759521627e-02,2.000000000000000111e-01
5.650343407412878466e-02,4.298413668527468340e-02,3.000000000000000444e-01
4.671673213076304315e-02,5.242458339376668969e-02,4.000000000000000222e-01
3.861368668696333467e-02,6.012014779750181337e-02,5.000000000000000000e-01
3.191744933776156229e-02,6.635857595446187362e-02,6.000000000000000888e-01
2.639292371837707180e-02,7.138421292316381173e-02,7.000000000000000666e-01
2.182942916132413202e-02,7.541602389996246436e-02,8.000000000000000444e-01
1.804501079618268944e-02,7.864311386694967931e-02,9.000000000000000222e-01
1.491190395275833989e-02,8.119825732798188755e-02,1.000000000000000000e+00
1.232746896477099167e-02,8.318811159659381116e-02,1.100000000000000089e+00
1.019751184869979559e-02,8.471055495574947303e-02,1.200000000000000178e+00
8.436340313848333244e-03,8.585462843512958742e-02,1.300000000000000044e+00
6.972779932824972778e-03,8.669428199704373728e-02,1.400000000000000133e+00
5.761849526379390907e-03,8.727623796630289144e-02,1.500000000000000000e+00
4.763600712040351806e-03,8.764198732915344514e-02,1.600000000000000089e+00
3.941151693230204520e-03,8.782983360660977235e-02,1.700000000000000178e+00
3.260750956371639628e-03,8.787482664123584530e-02,1.800000000000000044e+00
2.694918788506869747e-03,8.780549698642221845e-02,1.900000000000000133e+00
2.226817762812497489e-03,8.763931278399175739e-02,2.000000000000000000e+00
1.841029093237536501e-03,8.739226774533964681e-02,2.100000000000000089e+00
1.523274458158246610e-03,8.707917031212225600e-02,2.200000000000000178e+00
1.260429760679696509e-03,8.671362935240052583e-02,2.300000000000000266e+00
1.041698473456390385e-03,8.630683446681942927e-02,2.400000000000000355e+00
8.606635157945238552e-04,8.586542306118873091e-02,2.500000000000000000e+00
7.114863122436583358e-04,8.539543142388979213e-02,2.600000000000000089e+00
5.887112147621235666e-04,8.490249802491096898e-02,2.700000000000000178e+00
4.872765838296930609e-04,8.439185199699220097e-02,2.800000000000000266e+00
4.027835386556709394e-04,8.386803376877273453e-02,2.900000000000000355e+00
3.326976114640026573e-04,8.333364594389346125e-02,3.000000000000000000e+00
2.749227718289321823e-04,8.279083560241090600e-02,3.100000000000000089e+00
2.274462518960311509e-04,8.224166349901591844e-02,3.200000000000000178e+00
1.883622025081828268e-04,8.168807947220123322e-02,3.300000000000000266e+00
1.558757380934913629e-04,8.113191823953191939e-02,3.400000000000000355e+00
1.287294954851559499e-04,8.057445598690007871e-02,3.500000000000000000e+00
1.062598508028876284e-04,8.001635193459738504e-02,3.600000000000000089e+00
8.780085321150137543e-05,7.945826794142225868e-02,3.700000000000000178e+00
7.269604270886978958e-05,7.890085621682201011e-02,3.800000000000000266e+00
6.029845012592288797e-05,7.834475932089270123e-02,3.900000000000000355e+00
4.997059712664849915e-05,7.779061016437925635e-02,4.000000000000000000e+00
4.124514952003054157e-05,7.723886500597108851e-02,4.100000000000000533e+00
3.397785993140240248e-05,7.668964447324162770e-02,4.200000000000000178e+00
2.800596774248822991e-05,7.614308865148312899e-02,4.299999999999999822e+00
2.315366727037871181e-05,7.559935139229953527e-02,4.400000000000000355e+00
1.923212542040649741e-05,7.505860029525535104e-02,4.500000000000000000e+00
1.603948168614593295e-05,7.452101670787557308e-02,4.600000000000000533e+00
1.336084814941335304e-05,7.398679572564577367e-02,4.700000000000000178e+00
1.102342215982984052e-05,7.345608889818365517e-02,4.800000000000000711e+00
9.034920646582144809e-06,7.292886032972013821e-02,4.900000000000000355e+00
7.385681954082133230e-06,7.240509240011853975e-02,5.000000000000000000e+00
6.052735357786832535e-06,7.188478151852710496e-02,5.100000000000000533e+00
5.002254804924991641e-06,7.136793557227519291e-02,5.200000000000000178e+00
4.189558914497027413e-06,7.085457392687320721e-02,5.300000000000000711e+00
3.559110977275074640e-06,7.034472742601267925e-02,5.400000000000000355e+00
3.044518955802948769e-06,6.983843839156619882e-02,5.500000000000000000e+00
2.568535484396158606e-06,6.933576062358744185e-02,5.600000000000000533e+00
2.101308868608257414e-06,6.883669883552734348e-02,5.700000000000000178e+00
1.684537825970723494e-06,6.834118356554932938e-02,5.800000000000000711e+00
1.330096761695941310e-06,6.784917655676006576e-02,5.900000000000000355e+00
1.044716320263257462e-06,6.736064507923752998e-02,6.000000000000000000e+00
8.300104150143729602e-07,6.687556190192291139e-02,6.100000000000000533e+00
6.824762281533455570e-07,6.639390529262061136e-02,6.200000000000000178e+00
5.934942107465802143e-07,6.591565901799822935e-02,6.300000000000000711e+00
5.493280827228358814e-07,6.544081234358656296e-02,6.400000000000000355e+00
5.311248328732229536e-07,6.496936003377964952e-02,6.500000000000000000e+00
5.149147188512060253e-07,6.450130235183468286e-02,6.600000000000000533e+00
4.716112671725996548e-07,6.403664505987213817e-02,6.700000000000000178e+00
3.843917084160503726e-07,6.357538133428322635e-02,6.800000000000000711e+00
2.862409710168912955e-07,6.311745274259562832e-02,6.900000000000000355e+00
1.896295762947001085e-07,6.266282240533879722e-02,7.000000000000000000e+00
1.031632465496489979e-07,6.221145762640239302e-02,7.100000000000000533e+00
3.337523867205148722e-08,6.176332802696044705e-02,7.200000000000000178e+00
-1.527365585764317397e-08,6.131840554547136890e-02,7.300000000000000711e+00
-4.039511096884445172e-08,6.087666443767799501e-02,7.400000000000000355e+00
-4.167326600082539796e-08,6.043808127660749846e-02,7.500000000000000000e+00
-2.086472570271820364e-08,6.000263495257147223e-02,7.600000000000000533e+00
1.820143976648241318e-08,5.957030667316588757e-02,7.700000000000000178e+00
6.962369483792058370e-08,5.914107996327110095e-02,7.800000000000000711e+00
1.254280385328798708e-07,5.871494066505186793e-02,7.900000000000000355e+00
1.755680044627805160e-07,5.829187693795730846e-02,8.000000000000000000e+00
2.079246608291870631e-07,5.787187925872094851e-02,8.099999999999999645e+00
2.083066104237932699e-07,5.745494042136069235e-02,8.200000000000001066e+00
1.688317762594188955e-07,5.704104680341529759e-02,8.300000000000000711e+00
1.118343017130554438e-07,5.663015350689126759e-02,8.400000000000000355e+00
4.802776279850197805e-08,5.622222794791845862e-02,8.500000000000000000e+00
-1.482057510883911906e-08,5.581724075566853183e-02,8.599999999999999645e+00
-7.034506139806919035e-08,5.541516416058075989e-02,8.700000000000001066e+00
-1.135816602227893868e-07,5.501597199436207564e-02,8.800000000000000711e+00
-1.409679505011067556e-07,5.461963968998700958e-02,8.900000000000000355e+00
-1.503431259156298196e-07,5.422614428169773848e-02,9.000000000000000000e+00
-1.409479949134704304e-07,5.383546440500403679e-02,9.099999999999999645e+00
-1.134249807062422858e-07,5.344758029668333910e-02,9.200000000000001066e+00
-6.981812127006278269e-08,5.306247379478068460e-02,9.300000000000000711e+00
-1.357306934555179981e-08,5.268012833860874489e-02,9.400000000000000355e+00
5.046290756216748215e-08,5.230052896874782392e-02,9.500000000000000000e+00
1.160409271834722993e-07,5.192366232704583029e-02,9.600000000000001421e+00
1.755104924842314240e-07,5.154951665661833965e-02,9.700000000000001066e+00
2.198194916658139793e-07,5.117808180184850453e-02,9.800000000000000711e+00
2.385141981650873743e-07,5.080934920838714453e-02,9.900000000000000355e+00
2.197392706544172115e-07,5.044331192315268386e-02,1.000000000000000000e+01
4.222222222222221655e-01,0.000000000000000000e+00,0.000000000000000000e+00
3.490628140365468202e-01,7.288720266054204977e-02,1.000000000000000056e-01
2.885637590418052567e-01,1.326367409974308909e-01,2.000000000000000111e-01
2.385346431829961367e-01,1.815253876990182702e-01,3.000000000000000444e-01
1.972198651630669985e-01,2.213779284980180173e-01,4.000000000000000222e-01
1.630814786855444010e-01,2.537928977830975485e-01,5.000000000000000000e-01
1.348047330874918570e-01,2.801368191037436617e-01,6.000000000000000888e-01
1.114138044367962849e-01,3.014239026193418214e-01,7.000000000000000666e-01
9.211592070982600744e-02,3.184780770636048697e-01,8.000000000000000444e-01
7.619418303873330689e-02,3.320444021086403352e-01,9.000000000000000222e-01
6.300816869524082653e-02,3.427884415621464953e-01,1.000000000000000000e+00
5.206942806556712211e-02,3.512177842073646028e-01,1.100000000000000089e+00
4.303407749219716194e-02,3.576897435507037648e-01,1.200000000000000178e+00
3.558868953430159576e-02,3.625299749423816498e-01,1.300000000000000044e+00
2.944640639977642860e-02,3.660365156596478431e-01,1.400000000000000133e+00
2.434986450838225180e-02,3.684767448206032747e-01,1.500000000000000000e+00
2.012127440484743832e-02,3.700353252765526402e-01,1.600000000000000089e+00
1.663023594920648440e-02,3.708476597414577802e-01,1.700000000000000178e+00
1.375437562693877618e-02,3.710408083068251206e-01,1.800000000000000044e+00
1.138141189096756982e-02,3.707313415133146051e-01,1.900000000000000133e+00
9.410994140526941429e-03,3.700234287297965441e-01,2.000000000000000000e+00
7.776480237780254365e-03,3.689862004055110001e-01,2.100000000000000089e+00
6.427394564728041576e-03,3.676719829289457064e-01,2.200000000000000178e+00
5.316184922552418847e-03,3.661300648141541103e-01,2.300000000000000266e+00
4.399170301352256507e-03,3.644057114904711292e-01,2.400000000000000355e+00
3.637420989552979204e-03,3.625392504267952454e-01,2.500000000000000000e+00
3.005570841755788713e-03,3.605569107685303032e-01,2.600000000000000089e+00
2.484135430383461671e-03,3.584788086213139269e-01,2.700000000000000178e+00
2.054725966816506495e-03,3.563239221584567074e-01,2.800000000000000266e+00
1.700405493307455967e-03,3.541097213566263835e-01,2.900000000000000355e+00
1.406009110155465426e-03,3.518518351181134096e-01,3.000000000000000000e+00
1.161696945925768526e-03,3.495603579508446135e-01,3.100000000000000089e+00
9.600710877292131665e-04,3.472428469203659995e-01,3.200000000000000178e+00
7.941003018833407570e-04,3.449064788787873925e-01,3.300000000000000266e+00
6.572629178330435459e-04,3.425579019339234366e-01,3.400000000000000355e+00
5.436015139035189165e-04,3.402031786026474269e-01,3.500000000000000000e+00
4.490915720619894540e-04,3.378463630864789735e-01,3.600000000000000089e+00
3.710362155150829827e-04,3.354901304473925649e-01,3.700000000000000178e+00
3.068287948165833012e-04,3.331370628728954619e-01,3.800000000000000266e+00
2.540120753106343224e-04,3.307895881448403852e-01,3.900000000000000355e+00
2.102782371317403454e-04,3.284499796394254600e-01,4.000000000000000000e+00
1.737407428405391080e-04,3.261200737139758887e-01,4.100000000000000533e+00
1.434426261143816950e-04,3.238007413452285155e-01,4.200000000000000178e+00
1.185037988419549609e-04,3.214927744917672192e-01,4.299999999999999822e+00
9.806429474835402142e-05,3.191969450694925325e-01,4.400000000000000355e+00
8.128659052458373467e-05,3.169140025386318893e-01,4.500000000000000000e+00
6.735560582755729117e-05,3.146446739037399576e-01,4.600000000000000533e+00
5.562267436449277243e-05,3.123895140452623842e-01,4.700000000000000178e+00
4.585421089730198728e-05,3.101486472411382200e-01,4.800000000000000711e+00
3.781849274868170403e-05,3.079221966979517888e-01,4.900000000000000355e+00
3.127152334990823641e-05,3.057102992144080100e-01,5.000000000000000000e+00
2.595803672882740861e-05,3.035131041369599769e-01,5.100000000000000533e+00
2.161149750985467049e-05,3.013307733598091787e-01,5.200000000000000178e+00
1.795410091397478585e-05,2.991634813249053337e-01,5.300000000000000711e+00
1.479937609261547046e-05,2.970113083446033198e-01,5.400000000000000355e+00
1.214428973533600829e-05,2.948741448916606389e-01,5.500000000000000000e+00
9.957076430045843304e-06,2.927519121366152222e-01,5.600000000000000533e+00
8.193790089548916476e-06,2.906445446990572057e-01,5.700000000000000178e+00
6.798368562092308896e-06,2.885519905804353469e-01,5.800000000000000711e+00
5.702633631366345099e-06,2.864742111640573019e-01,5.900000000000000355e+00
4.826291016504510062e-06,2.844111812150892371e-01,6.000000000000000000e+00
4.076930372083503411e-06,2.823628888805562731e-01,6.100000000000000533e+00
3.370673049371031919e-06,2.803293142089058887e-01,6.200000000000000178e+00
2.737541509475045044e-06,2.783103196027517656e-01,6.300000000000000711e+00
2.196600275482694120e-06,2.763057797079809252e-01,6.400000000000000355e+00
1.754379295319577538e-06,2.743155829441517590e-01,6.500000000000000000e+00
1.411140827626422691e-06,2.723396249793955115e-01,6.600000000000000533e+00
1.160879441759090215e-06,2.703778087304161692e-01,6.700000000000000178e+00
9.913220177885549273e-07,2.684300443624901833e-01,6.800000000000000711e+00
8.839277465009278511e-07,2.664962492894669688e-01,6.900000000000000355e+00
8.138881293974358858e-07,2.645763481737685163e-01,7.000000000000000000e+00
7.501269786944336658e-07,2.626702729263895586e-01,7.100000000000000533e+00
6.553004173234048311e-07,2.607779627068974593e-01,7.200000000000000178e+00
5.263128770992743391e-07,2.588993217044036066e-01,7.300000000000000711e+00
3.968479634787425247e-07,2.570342166707357823e-01,7.400000000000000355e+00
2.775801926056879916e-07,2.551825390958832873e-01,7.500000000000000000e+00
1.767010773225173535e-07,2.533441837191232060e-01,7.600000000000000533e+00
9.991944455771180304e-08,2.515190485286887823e-01,7.700000000000000178e+00
5.046143532582081254e-08,2.497070347617696140e-01,7.800000000000000711e+00
2.907050472746758639e-08,2.479080469045115698e-01,7.900000000000000355e+00
3.400742194934535542e-08,2.461219926920168444e-01,8.000000000000000000e+00
6.105027026422044740e-08,2.443487831083439310e-01,8.099999999999999645e+00
1.034944470309303812e-07,2.425883323865075658e-01,8.200000000000001066e+00
1.521526636943818551e-07,2.408405580084789499e-01,8.300000000000000711e+00
1.953549457855579465e-07,2.391053807051854163e-01,8.400000000000000355e+00
2.189486329215090065e-07,2.373827244565106798e-01,8.500000000000000000e+00
2.062983788053585360e-07,2.356725164912947257e-01,8.599999999999999645e+00
1.661482424091550210e-07,2.339746582512970685e-01,8.700000000000001066e+00
1.258450158466650978e-07,2.322890325427745817e-01,8.800000000000000711e+00
8.871093101167026832e-08,2.306155478764920774e-01,8.900000000000000355e+00
5.726700519460081434e-08,2.289541142001396967e-01,9.000000000000000000e+00
3.326823324376131407e-08,2.273046428616194992e-01,9.099999999999999645e+00
1.770358756533072157e-08,2.256670466090454907e-01,9.200000000000001066e+00
1.079601812336317411e-08,2.240412395907438181e-01,9.300000000000000711e+00
1.200245243978623188e-08,2.224271373552523801e-01,9.400000000000000355e+00
2.001379559440225450e-08,2.208246568513211605e-01,9.500000000000000000e+00
3.275493022488845386e-08,2.192337164279120620e-01,9.600000000000001421e+00
4.738471652679570308e-08,2.176542358341990724e-01,9.700000000000001066e+00
6.029599225354962168e-08,2.160861362195679591e-01,9.800000000000000711e+00
6.711557271645068152e-08,2.145293401336166306e-01,9.900000000000000355e+00
6.270425078467341269e-08,2.129837715261548303e-01,1.000000000000000000e+01
7.444444444444443532e-01,0.000000000000000000e+00,0.000000000000000000e+00
6.154491643667635570e-01,1.285154845916461341e-01,1.000000000000000056e-01
5.087654277186497431e-01,2.338782718692273832e-01,2.000000000000000111e-01
4.206179666981553211e-01,3.200124657570222464e-01,3.000000000000000444e-01
3.477811472375962887e-01,3.902708276377963581e-01,4.000000000000000222e-01
2.874892258102866860e-01,4.475280644493060955e-01,5.000000000000000000e-01
2.376131928411868988e-01,4.939969998431846809e-01,6.000000000000000888e-01
1.964545367735974490e-01,5.314429565500508046e-01,7.000000000000000666e-01
1.624874194854683818e-01,5.614517651663375464e-01,8.000000000000000444e-01
1.343572586090715226e-01,5.854312378318066168e-01,9.000000000000000222e-01
1.110318853165543074e-01,6.044540396042196173e-01,1.000000000000000000e+00
9.176925090712084732e-02,6.192912574844527951e-01,1.100000000000000089e+00
7.589520882963617099e-02,6.306433960988455656e-01,1.200000000000000178e+00
6.279429719957888012e-02,6.391499592690901288e-01,1.300000000000000044e+00
5.191990813759083528e-02,6.453788789758022615e-01,1.400000000000000133e+00
4.290317033055701668e-02,6.497133318574425109e-01,1.500000000000000000e+00
3.546162016986677268e-02,6.524466756149145397e-01,1.600000000000000089e+00
2.933133501220634015e-02,6.538529964851010901e-01,1.700000000000000178e+00
2.427050716409179937e-02,6.541833940768304601e-01,1.800000000000000044e+00
2.006606302419496404e-02,6.536591007649313889e-01,1.900000000000000133e+00
1.658095963903685049e-02,6.524223168825233898e-01,2.000000000000000000e+00
1.370549090601196930e-02,6.505868279446207492e-01,2.100000000000000089e+00
1.133690595963172780e-02,6.482591913066856337e-01,2.200000000000000178e+00
9.380997067911817089e-03,6.455370855421196374e-01,2.300000000000000266e+00
7.755427895702860473e-03,6.425058507065856128e-01,2.400000000000000355e+00
6.408352686492937988e-03,6.392191336800362444e-01,2.500000000000000000e+00
5.297135699022605115e-03,6.357210093141476559e-01,2.600000000000000089e+00
4.381882547114235998e-03,6.320527045694319668e-01,2.700000000000000178e+00
3.625976657876576505e-03,6.282520408642766618e-01,2.800000000000000266e+00
2.997548113685880207e-03,6.243519072086028965e-01,2.900000000000000355e+00
2.476804754783666976e-03,6.203726395122934889e-01,3.000000000000000000e+00
2.047299894027690675e-03,6.163310977890492648e-01,3.100000000000000089e+00
1.693619282820031441e-03,6.122430705187220656e-01,3.200000000000000178e+00
1.401569445858300011e-03,6.081230788712604918e-01,3.300000000000000266e+00
1.158694873239164615e-03,6.039838390812057867e-01,3.400000000000000355e+00
9.573195838557058482e-04,5.998331007344850363e-01,3.500000000000000000e+00
7.912260006085960898e-04,5.956770990715322123e-01,3.600000000000000089e+00
6.545326758862478897e-04,5.915217215518852045e-01,3.700000000000000178e+00
5.417784242505261239e-04,5.873724203956725010e-01,3.800000000000000266e+00
4.480155778081256856e-04,5.832341156421820827e-01,3.900000000000000355e+00
3.700894484580207052e-04,5.791098651375803374e-01,4.000000000000000000e+00
3.057667781694489760e-04,5.750017705176921901e-01,4.100000000000000533e+00
2.528816481825946140e-04,5.709118649873951012e-01,4.200000000000000178e+00
2.093846584474560232e-04,5.668420621916665514e-01,4.299999999999999822e+00
1.733429276238480097e-04,5.627941562155839295e-01,4.400000000000000355e+00
1.432059399590709275e-04,5.587695452231951077e-01,4.500000000000000000e+00
1.182133609957520642e-04,5.547688075446159939e-01,4.600000000000000533e+00
9.764959964976362736e-05,5.507924765343261697e-01,4.700000000000000178e+00
8.081039134647624198e-05,5.468410752692871579e-01,4.800000000000000711e+00
6.700380038125380920e-05,5.429151155068414614e-01,4.900000000000000355e+00
5.555021991945224575e-05,5.390150976847127851e-01,5.000000000000000000e+00
4.588209390987375906e-05,5.351414072438971381e-01,5.100000000000000533e+00
3.781068810461350976e-05,5.312940373314981590e-01,5.200000000000000178e+00
3.116265326540633950e-05,5.274729665941603196e-01,5.300000000000000711e+00
2.574900089629667514e-05,5.236781913617959416e-01,5.400000000000000355e+00
2.136802590225453293e-05,5.199097226080829914e-01,5.500000000000000000e+00
1.780530658917566075e-05,5.161675859504650798e-01,5.600000000000000533e+00
1.483370466388163979e-05,5.124518216501520174e-01,5.700000000000000178e+00
1.225259892564959849e-05,5.087624438078587330e-01,5.800000000000000711e+00
1.005259062099134827e-05,5.050992691512852240e-01,5.900000000000000355e+00
8.224313724018088805e-06,5.014621158409823254e-01,6.000000000000000000e+00
6.742020153339897105e-06,4.978508204170918883e-01,6.100000000000000533e+00
5.568775763403015957e-06,4.942652323911614909e-01,6.200000000000000178e+00
4.656460344489779383e-06,4.907052142461436617e-01,6.300000000000000711e+00
3.945767622718704125e-06,4.871706414363967119e-01,6.400000000000000355e+00
3.366205260044402396e-06,4.836614023876841251e-01,6.500000000000000000e+00
2.836094854257640329e-06,4.801773984971747788e-01,6.600000000000000533e+00
2.321921286583534638e-06,4.767184823557187867e-01,6.700000000000000178e+00
1.865530707916578879e-06,4.732844296067767464e-01,6.800000000000000711e+00
1.478600261438743703e-06,4.698750486528198156e-01,6.900000000000000355e+00
1.167382522603782824e-06,4.664901547828703143e-01,7.000000000000000000e+00
9.327418876065740469e-07,4.631295701345815030e-01,7.100000000000000533e+00
7.701545733831224413e-07,4.597931236942374711e-01,7.200000000000000178e+00
6.697086176105506049e-07,4.564806512967530261e-01,7.300000000000000711e+00
6.161038787071050134e-07,4.531919956256739712e-01,7.400000000000000355e+00
5.886520358321536923e-07,4.499270062131769388e-01,7.500000000000000000e+00
5.612765888861876987e-07,4.466855394400692236e-01,7.600000000000000533e+00
5.025128585108190038e-07,4.434674585357892274e-01,7.700000000000000178e+00
4.038899817423709451e-07,4.402726039064276953e-01,7.800000000000000711e+00
2.989222599760759498e-07,4.371007735927877058e-01,7.900000000000000355e+00
1.983709365241440964e-07,4.339517907805594543e-01,8.000000000000000000e+00
1.105327032028545267e-07,4.308254823515314524e-01,8.099999999999999645e+00
4.154454587885566703e-08,4.277216785637953933e-01,8.200000000000001066e+00
-4.616255530830272286e-09,4.246402130517464291e-01,8.300000000000000711e+00
-2.613212705881439059e-08,4.215809228260829489e-01,8.400000000000000355e+00
-2.334520068733590888e-08,4.185436482738064679e-01,8.500000000000000000e+00
1.242685651736506707e-09,4.155282331582220712e-01,8.599999999999999645e+00
4.296998807690506252e-08,4.125345246189378035e-01,8.700000000000001066e+00
9.501545675704050807e-08,4.095623731718653904e-01,8.800000000000000711e+00
1.483981359113851536e-07,4.066116327092194616e-01,8.900000000000000355e+00
1.919773638095528170e-07,4.036821604995181056e-01,9.000000000000000000e+00
2.124527727715263889e-07,4.007738171875828148e-01,9.099999999999999645e+00
1.946491195581641857e-07,3.978864664985493627e-01,9.200000000000001066e+00
1.604080378300878328e-07,3.950199348222007689e-01,9.300000000000000711e+00
1.317474781618961951e-07,3.921740494657556808e-01,9.400000000000000355e+00
1.082185858623483894e-07,3.893486621380924384e-01,9.500000000000000000e+00
8.925897867329958614e-08,3.865436257153612720e-01,9.600000000000001421e+00
7.419274676970208152e-08,3.837587942409843578e-01,9.700000000000001066e+00
6.223045275960344443e-08,3.809940229256557620e-01,9.800000000000000711e+00
5.246913168414797244e-08,3.782491681473413303e-01,9.900000000000000355e+00
4.389229101757604318e-08,3.755240874512789651e-01,1.000000000000000000e+01
1.066666666666666652e+00,0.000000000000000000e+00,0.000000000000000000e+00
8.818271089029618981e-01,1.841525043505519710e-01,1.000000000000000056e-01
7.289914769472575218e-01,3.350944591431602726e-01,2.000000000000000111e-01
6.027106819652241487e-01,4.584897810829315357e-01,3.000000000000000444e-01
4.983042355222372932e-01,5.592034292452195965e-01,4.000000000000000222e-01
4.118659636518251510e-01,6.412954652835815006e-01,5.000000000000000000e-01
3.404554316755441512e-01,7.078220672102895072e-01,6.000000000000000888e-01
2.815386454021585050e-01,7.614169207994840871e-01,7.000000000000000666e-01
2.328502708765795570e-01,8.044344422290143903e-01,8.000000000000000444e-01
1.924660663310140962e-01,8.388744850117360041e-01,9.000000000000000222e-01
1.590530502786828837e-01,8.661222900998449825e-01,1.000000000000000000e+00
1.314987829214977477e-01,8.873338480626739022e-01,1.100000000000000089e+00
1.087844144888552023e-01,9.035678653728074217e-01,1.200000000000000178e+00
8.998530899890382073e-02,9.157851160051219130e-01,1.300000000000000044e+00
7.436806897948664008e-02,9.247475841628191029e-01,1.400000000000000133e+00
6.145669041444647152e-02,9.309496961723855435e-01,1.500000000000000000e+00
5.081556532479513527e-02,9.348438893841607422e-01,1.600000000000000089e+00
4.204436721913467484e-02,9.368459287188688478e-01,1.700000000000000178e+00
3.477834309258572704e-02,9.373346031343328111e-01,1.800000000000000044e+00
2.874105785502263297e-02,9.365968977429294240e-01,1.900000000000000133e+00
2.375156834873062492e-02,9.348205364206229051e-01,2.000000000000000000e+00
1.964021021408111564e-02,9.321815213541803091e-01,2.100000000000000089e+00
1.625096944068304960e-02,9.288416677884400174e-01,2.200000000000000178e+00
1.344179215797878385e-02,9.249482819982843829e-01,2.300000000000000266e+00
1.110802933085085903e-02,9.206097904968711942e-01,2.400000000000000355e+00
9.179785178167724699e-03,9.158984963611204178e-01,2.500000000000000000e+00
7.591121348784479750e-03,9.108825914495627396e-01,2.600000000000000089e+00
6.281374083176514446e-03,9.056247871926456083e-01,2.700000000000000178e+00
5.195353768756914674e-03,9.001821071540803132e-01,2.800000000000000266e+00
4.293198566421999388e-03,8.945956441642444190e-01,2.900000000000000355e+00
3.547925312890650839e-03,8.888931061637228570e-01,3.000000000000000000e+00
2.934000940731192573e-03,8.831006961586068682e-01,3.100000000000000089e+00
2.427893759953372779e-03,8.772425391462207456e-01,3.200000000000000178e+00
2.008155036039898245e-03,8.713405973138917959e-01,3.300000000000000266e+00
1.659375187803959926e-03,8.654105575530077754e-01,3.400000000000000355e+00
1.371238297024865525e-03,8.594628143039141355e-01,3.500000000000000000e+00
1.133945809267178362e-03,8.535072265611122200e-01,3.600000000000000089e+00
9.384222133661634501e-04,8.475529040524539814e-01,3.700000000000000178e+00
7.763248411809681995e-04,8.416081970519899702e-01,3.800000000000000266e+00
6.414585182346116063e-04,8.356792258327873091e-01,3.900000000000000355e+00
5.299702995279312627e-04,8.297696782515552316e-01,4.000000000000000000e+00
4.381886023660258199e-04,8.238830559133966114e-01,4.100000000000000533e+00
3.626714194428258607e-04,8.180226240301196050e-01,4.200000000000000178e+00
3.002063188410876654e-04,8.121914114202372081e-01,4.299999999999999822e+00
2.480910760964000488e-04,8.063919187792991661e-01,4.400000000000000355e+00
2.048759289356103788e-04,8.006253471092409368e-01,4.500000000000000000e+00
1.692816491900622972e-04,7.948927223611262916e-01,4.600000000000000533e+00
1.400706813383830439e-04,7.891950293294195395e-01,4.700000000000000178e+00
1.160542959806521888e-04,7.835332042149024678e-01,4.800000000000000711e+00
9.609273289993969908e-05,7.779081344759192218e-01,4.900000000000000355e+00
7.934743969786833644e-05,7.723203965981305652e-01,5.000000000000000000e+00
6.545335468352134797e-05,7.667700770450620595e-01,5.100000000000000533e+00
5.403773721747630608e-05,7.612572723779114092e-01,5.200000000000000178e+00
4.472188507733245653e-05,7.557820874201305328e-01,5.300000000000000711e+00
3.712113445771162643e-05,7.503446352574261180e-01,5.400000000000000355e+00
3.084485997025758052e-05,7.449450372377589558e-01,5.500000000000000000e+00
2.551756193006805574e-05,7.395834010400861303e-01,5.600000000000000533e+00
2.100917508542970711e-05,7.342595812362205931e-01,5.700000000000000178e+00
1.726779874837461407e-05,7.289733532587021614e-01,5.800000000000000711e+00
1.421637679403551128e-05,7.237245206678722953e-01,5.900000000000000355e+00
1.176447854922978202e-05,7.185129028847845323e-01,6.000000000000000000e+00
9.808298792459536159e-06,7.133383351912055970e-01,6.100000000000000533e+00
8.230657753911701569e-06,7.082006687296147351e-01,6.200000000000000178e+00
6.901001115457878479e-06,7.030997705032038247e-01,6.300000000000000711e+00
5.701968116649999279e-06,6.980354957221703849e-01,6.400000000000000355e+00
4.654950021336784720e-06,6.930075572663618733e-01,6.500000000000000000e+00
3.773573323994943182e-06,6.880156781572543956e-01,6.600000000000000533e+00
3.057463818814010298e-06,6.830595978212836705e-01,6.700000000000000178e+00
2.498126992708724680e-06,6.781390659593625747e-01,6.800000000000000711e+00
2.078948025319077894e-06,6.732538425468816978e-01,6.900000000000000355e+00
1.775191789010275496e-06,6.684036978337088986e-01,7.000000000000000000e+00
1.554002848872755670e-06,6.635884123441894156e-01,7.100000000000000533e+00
1.374405462722198541e-06,6.588077768771463116e-01,7.200000000000000178e+00
1.187303581099501613e-06,6.540615925058796964e-01,7.300000000000000711e+00
9.692921470852540503e-07,6.493496352908455505e-01,7.400000000000000355e+00
7.610895047516871553e-07,6.446716164733021781e-01,7.500000000000000000e+00
5.756091012134229993e-07,6.400272782536688965e-01,7.600000000000000533e+00
4.216392346007820826e-07,6.354163688104972341e-01,7.700000000000000178e+00
3.046239717517331009e-07,6.308386414831518296e-01,7.800000000000000711e+00
2.266631482119057565e-07,6.262938547718108762e-01,7.900000000000000355e+00
1.865123682345807001e-07,6.217817723374657879e-01,8.000000000000000000e+00
1.795830047806968361e-07,6.173021630019214223e-01,8.099999999999999645e+00
1.979421995188471934e-07,6.128548007477957471e-01,8.200000000000001066e+00
2.303128628252797728e-07,6.084394647185203953e-01,8.300000000000000711e+00
2.620736737838999815e-07,6.040559392183401100e-01,8.400000000000000355e+00
2.752590801862658694e-07,5.997040137123129666e-01,8.500000000000000000e+00
2.488464646863901769e-07,5.953834825251593799e-01,8.599999999999999645e+00
1.984887162166745486e-07,5.910941032876175782e-01,8.700000000000001066e+00
1.482448836387230750e-07,5.868356267930499026e-01,8.800000000000000711e+00
1.022420055577042420e-07,5.826078263402083568e-01,8.900000000000000355e+00
6.363271396855556241e-08,5.784104777669669684e-01,9.000000000000000000e+00
3.459523425598286086e-08,5.742433594503217886e-01,9.099999999999999645e+00
1.633338519446008865e-08,5.701062523063903376e-01,9.200000000000001066e+00
9.076578948230038399e-09,5.659989397904128250e-01,9.300000000000000711e+00
1.207982107130299410e-08,5.619212078967507074e-01,9.400000000000000355e+00
2.362371050745773700e-08,5.578728451588879089e-01,9.500000000000000000e+00
4.101443959024165141e-08,5.538536426494298226e-01,9.600000000000001421e+00
6.058379404296971894e-08,5.498633939801041981e-01,9.700000000000001066e+00
7.768915297872496842e-08,5.459018953017604758e-01,9.800000000000000711e+00
8.671348890035948176e-08,5.419689453043701199e-01,9.900000000000000355e+00
8.106536770049449986e-08,5.380643452170266183e-01,1.000000000000000000e+01
1.388888888888888840e+00,0.000000000000000000e+00,0.000000000000000000e+00
1.148207716668129486e+00,2.397867556814129997e-01,1.000000000000000056e-01
9.492253991707231275e-01,4.363024624342189406e-01,2.000000000000000111e-01
7.847975502426030037e-01,5.969731743580275474e-01,3.000000000000000444e-01
6.487981580964701234e-01,7.281663486251015449e-01,4.000000000000000222e-01
5.362480004216328977e-01,8.350573578795983387e-01,5.000000000000000000e-01
4.433209551140951388e-01,9.216229302178869931e-01,6.000000000000000888e-01
3.666345523150831287e-01,9.913786207245594007e-01,7.000000000000000666e-01
3.031834225914753489e-01,1.047447992122858995e+00,8.000000000000000444e-01
2.505634023843885672e-01,1.092329656997731213e+00,9.000000000000000222e-01
2.070847534627729414e-01,1.127779586109500798e+00,1.000000000000000000e+00
1.712462804983774511e-01,1.155357763428779938e+00,1.100000000000000089e+00
1.416786585460117487e-01,1.176487097228101186e+00,1.200000000000000178e+00
1.171557628688920244e-01,1.192441642718370609e+00,1.300000000000000044e+00
9.681182463900799007e-02,1.204120868539737543e+00,1.400000000000000133e+00
8.001540116671668201e-02,1.212180664786995488e+00,1.500000000000000000e+00
6.617768039716775963e-02,1.217232610520483593e+00,1.600000000000000089e+00
5.475902096683089859e-02,1.219837175358993164e+00,1.700000000000000178e+00
4.527806104830606193e-02,1.220494250825544524e+00,1.800000000000000044e+00
3.741460287942321300e-02,1.219536201796054931e+00,1.900000000000000133e+00
3.092447055068268252e-02,1.217216371874825454e+00,2.000000000000000000e+00
2.557819631411216779e-02,1.213772818932695063e+00,2.100000000000000089e+00
2.116534361630625569e-02,1.209423821301887969e+00,2.200000000000000178e+00
1.749954575071437438e-02,1.204362640088469494e+00,2.300000000000000266e+00
1.446019261677340684e-02,1.198714185744319316e+00,2.400000000000000355e+00
1.195222695825288485e-02,1.192576809889033918e+00,2.500000000000000000e+00
9.886400608315460553e-03,1.186042828877894362e+00,2.600000000000000089e+00
8.180843621085672618e-03,1.179196892681711129e+00,2.700000000000000178e+00
6.763540730554804328e-03,1.172113410600058581e+00,2.800000000000000266e+00
5.588735326045302793e-03,1.164839499305075687e+00,2.900000000000000355e+00
4.619508848984330354e-03,1.157413091552154549e+00,3.000000000000000000e+00
3.821232211721003070e-03,1.149869743360625307e+00,3.100000000000000089e+00
3.162100805560104019e-03,1.142242077867333006e+00,3.200000000000000178e+00
2.614204399169844061e-03,1.134558673159909992e+00,3.300000000000000266e+00
2.160039284481311654e-03,1.126837292884933284e+00,3.400000000000000355e+00
1.785394789596532949e-03,1.119092280704993225e+00,3.500000000000000000e+00
1.476909701924069640e-03,1.111337100326163396e+00,3.600000000000000089e+00
1.222266718732359500e-03,1.103584133361835917e+00,3.700000000000000178e+00
1.010542738591289381e-03,1.095844315198479579e+00,3.800000000000000266e+00
8.349024091999627563e-04,1.088124335037430557e+00,3.900000000000000355e+00
6.900024633121903690e-04,1.080429334081425941e+00,4.000000000000000000e+00
5.707637745307755179e-04,1.072764181905681236e+00,4.100000000000000533e+00
4.724593632789171995e-04,1.065133384969140229e+00,4.200000000000000178e+00
3.907597492994453162e-04,1.057541039467718491e+00,4.299999999999999822e+00
3.227914464379613669e-04,1.049989731005598115e+00,4.400000000000000355e+00
2.666554577476958413e-04,1.042481035140312429e+00,4.500000000000000000e+00
2.205010918744780318e-04,1.035016480061319744e+00,4.600000000000000533e+00
1.825694878311113828e-04,1.027597501327395024e+00,4.700000000000000178e+00
1.511936149973702910e-04,1.020225441866631222e+00,4.800000000000000711e+00
1.249429857255359290e-04,1.012901401529961554e+00,4.900000000000000355e+00
1.031242195571032219e-04,1.005625716758131061e+00,5.000000000000000000e+00
8.515130921229987408e-05,9.983986151813484256e-01,5.100000000000000533e+00
7.043652823463169633e-05,9.912203289268118889e-01,5.200000000000000178e+00
5.839731202662791412e-05,9.840910874630007799e-01,5.300000000000000711e+00
4.845625784984225188e-05,9.770111175996774033e-01,5.400000000000000355e+00
4.007189796458579593e-05,9.699806114854205852e-01,5.500000000000000000e+00
3.302457131137254663e-05,9.629994294153009227e-01,5.600000000000000533e+00
2.719391968149368927e-05,9.560673312038159288e-01,5.700000000000000178e+00
2.243477499635815374e-05,9.491841050487735965e-01,5.800000000000000711e+00
1.858857114837950903e-05,9.423495556498774350e-01,5.900000000000000355e+00
1.548334400097573960e-05,9.355635042087260267e-01,6.000000000000000000e+00
1.293373138856926234e-05,9.288257884288134703e-01,6.100000000000000533e+00
1.074284592423924278e-05,9.221362605655849531e-01,6.200000000000000178e+00
8.831892891794360025e-06,9.154946525895698572e-01,6.300000000000000711e+00
7.218994175382928755e-06,9.089005984014242312e-01,6.400000000000000355e+00
5.893526597210697974e-06,9.023537643047483403e-01,6.500000000000000000e+00
4.834589198914231715e-06,8.958538297098275205e-01,6.600000000000000533e+00
4.011003241560915820e-06,8.894004871336319562e-01,6.700000000000000178e+00
3.381312205648905422e-06,8.829934421998167915e-01,6.800000000000000711e+00
2.893781791107177462e-06,8.766324136387222410e-01,6.900000000000000355e+00
2.486399917295498501e-06,8.703171332873733679e-01,7.000000000000000000e+00
2.088199906135894632e-06,8.640473447074988878e-01,7.100000000000000533e+00
1.697993751049902497e-06,8.578227211324164214e-01,7.200000000000000178e+00
1.350010075602463206e-06,8.516429016294740917e-01,7.300000000000000711e+00
1.055393360269581512e-06,8.455075516937247126e-01,7.400000000000000355e+00
8.206092380740987361e-07,8.394163439272022131e-01,7.500000000000000000e+00
6.474444945857054713e-07,8.333689580389223028e-01,7.600000000000000533e+00
5.330070679209432764e-07,8.273650808448824723e-01,7.700000000000000178e+00
4.697260487431945122e-07,8.214044062680613267e-01,7.800000000000000711e+00
4.453516802626933525e-07,8.154866353384195854e-01,7.900000000000000355e+00
4.429553582365168906e-07,8.096114761928991932e-01,8.000000000000000000e+00
4.409296309685910685e-07,8.037786440754237649e-01,8.099999999999999645e+00
4.129881993096879238e-07,7.979878613368983631e-01,8.200000000000001066e+00
3.399288995377108916e-07,7.922388450246071745e-01,8.300000000000000711e+00
2.517247294472163319e-07,7.865312629987003534e-01,8.400000000000000355e+00
1.620996997216622465e-07,7.808648029679137181e-01,8.500000000000000000e+00
7.981557072594472369e-08,7.752391599001915434e-01,8.599999999999999645e+00
1.168805622798713313e-08,7.696540328109950924e-01,8.700000000000001066e+00
-3.741317660125548046e-08,7.641091247633032824e-01,8.800000000000000711e+00
-6.456450718780391457e-08,7.586041428676121301e-01,8.900000000000000355e+00
-6.878836155464898555e-08,7.531387982819346405e-01,9.000000000000000000e+00
-5.105321232175412265e-08,7.477128062118012508e-01,9.099999999999999645e+00
-1.427357870605293285e-08,7.423258859102598306e-01,9.200000000000001066e+00
3.668997347854555820e-08,7.369777606778753487e-01,9.300000000000000711e+00
9.503083182116564115e-08,7.316681578627300953e-01,9.400000000000000355e+00
1.519963373139549968e-07,7.263968088604234596e-01,9.500000000000000000e+00
1.968877843520929547e-07,7.211634491140721526e-01,9.600000000000001421e+00
2.170604207337836373e-07,7.159678181143104281e-01,9.700000000000001066e+00
1.982539522255546640e-07,7.108096590567914985e-01,9.800000000000000711e+00
1.639012127642378402e-07,7.056886780718296670e-01,9.900000000000000355e+00
1.355027264415654796e-07,7.006045851689974846e-01,1.000000000000000000e+01
1.711111111111111027e+00,0.000000000000000000e+00,0.000000000000000000e+00
1.414591078648272271e+00,2.954181440042006335e-01,1.000000000000000056e-01
1.169461771595180721e+00,5.375079187398535963e-01,2.000000000000000111e-01
9.668787531104320321e-01,7.354624568297611908e-01,3.000000000000000444e-01
7.992796747176733607e-01,8.971421640002895659e-01,4.000000000000000222e-01
6.606382076366075218e-01,1.028810757293515454e+00,5.000000000000000000e-01
5.462007679792946213e-01,1.135408939357952063e+00,6.000000000000000888e-01
4.517317046833602689e-01,1.221339025997610239e+00,7.000000000000000666e-01
3.734974225762353051e-01,1.290481450249857165e+00,8.000000000000000444e-01
3.086587280744917949e-01,1.345786918758171913e+00,9.000000000000000222e-01
2.551259074079100797e-01,1.389427058048524843e+00,1.000000000000000000e+00
2.110042026832199269e-01,1.423370842408735237e+00,1.100000000000000089e+00
1.745699929887972179e-01,1.449409353628659414e+00,1.200000000000000178e+00
1.443182090102443360e-01,1.469106493467952967e+00,1.300000000000000044e+00
1.192550530765280892e-01,1.483494700965175994e+00,1.400000000000000133e+00
9.857868472500050383e-02,1.493406879968445677e+00,1.500000000000000000e+00
8.154453369826669684e-02,1.499616406265402491e+00,1.600000000000000089e+00
6.747161658814164464e-02,1.502830561422004996e+00,1.700000000000000178e+00
5.577474623009683746e-02,1.503657051084922314e+00,1.800000000000000044e+00
4.608812173928165945e-02,1.502475533048303946e+00,1.900000000000000133e+00
3.809930625902125528e-02,1.499610197449462445e+00,2.000000000000000000e+00
3.151801335256653597e-02,1.495362213249810335e+00,2.100000000000000089e+00
2.607856752266657363e-02,1.490007170520150304e+00,2.200000000000000178e+00
2.155617498483766714e-02,1.483778166948229060e+00,2.300000000000000266e+00
1.781242988976393729e-02,1.476818504083350581e+00,2.400000000000000355e+00
1.472547670878305084e-02,1.469254283532647865e+00,2.500000000000000000e+00
1.218236941377476290e-02,1.461202349522927602e+00,2.600000000000000089e+00
1.007972135807332775e-02,1.452769613347372202e+00,2.700000000000000178e+00
8.331306314522852335e-03,1.444045152066897764e+00,2.800000000000000266e+00
6.884342954728886119e-03,1.435083280778822523e+00,2.900000000000000355e+00
5.691438998637318725e-03,1.425932716637041020e+00,3.000000000000000000e+00
4.708725674082534993e-03,1.416638518014539105e+00,3.100000000000000089e+00
3.896012400815856112e-03,1.407241923708346221e+00,3.200000000000000178e+00
3.220087430235201581e-03,1.397776921906632275e+00,3.300000000000000266e+00
2.660757445604640566e-03,1.388263972018498160e+00,3.400000000000000355e+00
2.199712828772180592e-03,1.378721579179862600e+00,3.500000000000000000e+00
1.819980185853662443e-03,1.369166863289329905e+00,3.600000000000000089e+00
1.505963497279928960e-03,1.359615516232109300e+00,3.700000000000000178e+00
1.244680466457433188e-03,1.350080516679100340e+00,3.800000000000000266e+00
1.028388247772432434e-03,1.340569400639958664e+00,3.900000000000000355e+00
8.501269874086087464e-04,1.331088893904934789e+00,4.000000000000000000e+00
7.033957456000561933e-04,1.321645248855108923e+00,4.100000000000000533e+00
5.821743781825151160e-04,1.312244221715654691e+00,4.200000000000000178e+00
4.812329862470904004e-04,1.302890750870405068e+00,4.299999999999999822e+00
3.975207814698963915e-04,1.293587513127173239e+00,4.400000000000000355e+00
3.285086957312996448e-04,1.284336646555922945e+00,4.500000000000000000e+00
2.717783939611140829e-04,1.275140177617427151e+00,4.600000000000000533e+00
2.250503074232312081e-04,1.265999992018519649e+00,4.700000000000000178e+00
1.861946501856568737e-04,1.256917823258389078e+00,4.800000000000000711e+00
1.537713304390367580e-04,1.247894691353729657e+00,4.900000000000000355e+00
1.269582042966340937e-04,1.238930977468264638e+00,5.000000000000000000e+00
1.049328452993314849e-04,1.230027066447531459e+00,5.100000000000000533e+00
8.689193713277268741e-05,1.221183326621960052e+00,5.200000000000000178e+00
7.205127362736130710e-05,1.212400109806872628e+00,5.300000000000000711e+00
5.965019632112962729e-05,1.203677746687136452e+00,5.400000000000000355e+00
4.921891295776966086e-05,1.195016268882943100e+00,5.500000000000000000e+00
4.056513690606664501e-05,1.186415422938337016e+00,5.600000000000000533e+00
3.347058073164930228e-05,1.177874985677666686e+00,5.700000000000000178e+00
2.770516103101163154e-05,1.169394749380184173e+00,5.800000000000000711e+00
2.302699843151351103e-05,1.160974521780045121e+00,5.900000000000000355e+00
1.918241759138027830e-05,1.152614126066307865e+00,6.000000000000000000e+00
1.590917971010892204e-05,1.144313397517843445e+00,6.100000000000000533e+00
1.309299985789701091e-05,1.136072020703636998e+00,6.200000000000000178e+00
1.073275448107007283e-05,1.127889565858363641e+00,6.300000000000000711e+00
8.798383612646483247e-06,1.119765636404386422e+00,6.400000000000000355e+00
7.247980920083109315e-06,1.111699851093293612e+00,6.500000000000000000e+00
6.027793705275372581e-06,1.103691844005898259e+00,6.600000000000000533e+00
5.072222904557291331e-06,1.095741264552239302e+00,6.700000000000000178e+00
4.303823088701395888e-06,1.087847777471580457e+00,6.800000000000000711e+00
3.633302462918784520e-06,1.080011062832410884e+00,6.900000000000000355e+00
2.993017474827242491e-06,1.072230781111140674e+00,7.000000000000000000e+00
2.422512931153447320e-06,1.064506484319369894e+00,7.100000000000000533e+00
1.936797865761425885e-06,1.056837753208383468e+00,7.200000000000000178e+00
1.542154852542468222e-06,1.049224180423180552e+00,7.300000000000000711e+00
1.238875383483786965e-06,1.041665367642409024e+00,7.400000000000000355e+00
1.021259868668493621e-06,1.034160925578364809e+00,7.500000000000000000e+00
8.776176362756121271e-07,1.026710473976992777e+00,7.600000000000000533e+00
7.902669325800720742e-07,1.019313641617886290e+00,7.700000000000000178e+00
7.355349219527167514e-07,1.011970066314286987e+00,7.800000000000000711e+00
6.837576868602917126e-07,1.004679394913085666e+00,7.900000000000000355e+00
5.992803323384234810e-07,9.974412832947104901e-01,8.000000000000000000e+00
4.801407578266913483e-07,9.902553547047161508e-01,8.099999999999999645e+00
3.591168678719032833e-07,9.831211993368952351e-01,8.200000000000001066e+00
2.467225503476315998e-07,9.760384336835781216e-01,8.300000000000000711e+00
1.510969010791027174e-07,9.690066792587846978e-01,8.400000000000000355e+00
7.800422384320563202e-08,9.620255625982253589e-01,8.500000000000000000e+00
3.083403036849032783e-08,9.550947152593007861e-01,8.599999999999999645e+00
1.060104033516714174e-08,9.482137738211015021e-01,8.700000000000001066e+00
1.594518137510792822e-08,9.413823798844087598e-01,8.800000000000000711e+00
4.313158907184394165e-08,9.346001800716934316e-01,8.900000000000000355e+00
8.605060696056784809e-08,9.278668260271167867e-01,9.000000000000000000e+00
1.362177865281335664e-07,9.211819744165303803e-01,9.099999999999999645e+00
1.827738872130543624e-07,9.145452869274757202e-01,9.200000000000001066e+00
2.124848764055037489e-07,9.079564302691848221e-01,9.300000000000000711e+00
2.097419294473199856e-07,9.014150761725796546e-01,9.400000000000000355e+00
1.750091806259600150e-07,8.949208822447928258e-01,9.500000000000000000e+00
1.445291885866327883e-07,8.884734714416966384e-01,9.600000000000001421e+00
1.194147924880309506e-07,8.820725055609118792e-01,9.700000000000001066e+00
9.879915349485981805e-08,8.757176508505639667e-01,9.800000000000000711e+00
8.185109325278205685e-08,8.694085759185132822e-01,9.900000000000000355e+00
6.777509388841715356e-08,8.631449517323548370e-01,1.000000000000000000e+01
2.033333333333333215e+00,0.000000000000000000e+00,0.000000000000000000e+00
1.680991341918436355e+00,3.510319634260772870e-01,1.000000000000000056e-01
1.389725534435417131e+00,6.386849026919914074e-01,2.000000000000000111e-01
1.148941804133153610e+00,8.739706081555738137e-01,3.000000000000000444e-01
9.496753969834015319e-01,1.066207162658417751e+00,4.000000000000000222e-01
7.850379987328985898e-01,1.222554194259491744e+00,5.000000000000000000e-01
6.491684120500451627e-01,1.349103647908363568e+00,6.000000000000000888e-01
5.368560686013869043e-01,1.451271144847706918e+00,7.000000000000000666e-01
4.437284946310464662e-01,1.533601112003013522e+00,8.000000000000000444e-01
3.667153755284450201e-01,1.599284386569141292e+00,9.000000000000000222e-01
3.032096431132174086e-01,1.651030266228324050e+00,1.000000000000000000e+00
2.508345790046122570e-01,1.691308605273099230e+00,1.100000000000000089e+00
2.074483083754521395e-01,1.722345143344654828e+00,1.200000000000000178e+00
1.714336676143247140e-01,1.745820187781365496e+00,1.300000000000000044e+00
1.416801486271430099e-01,1.762887382538922632e+00,1.400000000000000133e+00
1.171635416453542106e-01,1.774610669634944404e+00,1.500000000000000000e+00
9.694442529415489562e-02,1.781965858687163839e+00,1.600000000000000089e+00
8.017392940345527408e-02,1.785834636464994851e+00,1.700000000000000178e+00
6.625227690093297983e-02,1.786839762460157077e+00,1.800000000000000044e+00
5.475532211417491468e-02,1.785421432371408601e+00,1.900000000000000133e+00
4.528368281666150102e-02,1.781994105313884802e+00,2.000000000000000000e+00
3.747074666810412680e-02,1.776938181093433045e+00,2.100000000000000089e+00
3.098649358869182135e-02,1.770596026842143456e+00,2.200000000000000178e+00
2.560535373118900601e-02,1.763201438585140224e+00,2.300000000000000266e+00
2.116260370876700547e-02,1.754924967386535917e+00,2.400000000000000355e+00
1.750280429108510075e-02,1.745927518276112478e+00,2.500000000000000000e+00
1.448326172210515073e-02,1.736356752187789176e+00,2.600000000000000089e+00
1.197615318860471671e-02,1.726344876528582484e+00,2.700000000000000178e+00
9.896176073027037126e-03,1.715979903737277157e+00,2.800000000000000266e+00
8.179289902353517605e-03,1.705327749033968221e+00,2.900000000000000355e+00
6.765094746985456271e-03,1.694450547969458931e+00,3.000000000000000000e+00
5.598115939859207683e-03,1.683405320943863526e+00,3.100000000000000089e+00
4.628841648344908868e-03,1.672242894643874989e+00,3.200000000000000178e+00
3.824816170606436944e-03,1.660996370530798183e+00,3.300000000000000266e+00
3.161253091993514956e-03,1.649690882459773800e+00,3.400000000000000355e+00
2.614763401910906015e-03,1.638350116193835637e+00,3.500000000000000000e+00
2.163823101998277494e-03,1.626995823312386014e+00,3.600000000000000089e+00
1.789182842762603032e-03,1.615647395387419971e+00,3.700000000000000178e+00
1.478323375842915954e-03,1.604317232514827385e+00,3.800000000000000266e+00
1.221777973301466612e-03,1.593014566155878775e+00,3.900000000000000355e+00
1.010568950626147128e-03,1.581748123759777691e+00,4.000000000000000000e+00
8.363886364434088005e-04,1.570525940632617301e+00,4.100000000000000533e+00
6.916922189541265757e-04,1.559355263419127668e+00,4.200000000000000178e+00
5.714552321278547082e-04,1.548240723165867472e+00,4.299999999999999822e+00
4.721798648256222281e-04,1.537185368278833009e+00,4.400000000000000355e+00
3.905013762613675698e-04,1.526192113033136177e+00,4.500000000000000000e+00
3.232645451991889908e-04,1.515263658082523834e+00,4.600000000000000533e+00
2.675237554246688164e-04,1.504402490370513767e+00,4.700000000000000178e+00
2.210152880707918544e-04,1.493610392146214494e+00,4.800000000000000711e+00
1.825111329479903459e-04,1.482888073213699975e+00,4.900000000000000355e+00
1.508342954344649503e-04,1.472236194426354894e+00,5.000000000000000000e+00
1.248498313548849006e-04,1.461655376933613804e+00,5.100000000000000533e+00
1.034648469803879493e-04,1.451146202180960243e+00,5.200000000000000178e+00
8.563406327968153039e-05,1.440709206123202746e+00,5.300000000000000711e+00
7.068493817799335758e-05,1.430344541202120734e+00,5.400000000000000355e+00
5.830013750712776901e-05,1.420051994663360295e+00,5.500000000000000000e+00
4.814073556489090796e-05,1.409831380085994068e+00,5.600000000000000533e+00
3.986032880089500683e-05,1.399682522650227634e+00,5.700000000000000178e+00
3.310503581655784504e-05,1.389605259137398852e+00,5.800000000000000711e+00
2.751349736510331828e-05,1.379599437929979855e+00,5.900000000000000355e+00
2.274819635376338077e-05,1.369664886424197370e+00,6.000000000000000000e+00
1.871806957815912780e-05,1.359801179587174946e+00,6.100000000000000533e+00
1.537722612196859416e-05,1.350007849340923105e+00,6.200000000000000178e+00
1.265763908337451408e-05,1.340284454270650460e+00,6.300000000000000711e+00
1.047810926623413096e-05,1.330630570280554981e+00,6.400000000000000355e+00
8.744265180078992361e-06,1.321045790593822655e+00,6.500000000000000000e+00
7.348563040115055036e-06,1.311529725752627940e+00,6.600000000000000533e+00
6.170286767222686646e-06,1.302082003618134198e+00,6.700000000000000178e+00
5.099692967591149445e-06,1.292702244204712025e+00,6.800000000000000711e+00
4.159688816951688361e-06,1.283389933146477979e+00,6.900000000000000355e+00
3.365938727238116861e-06,1.274144567461679367e+00,7.000000000000000000e+00
2.720149260552273083e-06,1.264965662108089139e+00,7.100000000000000533e+00
2.216333924498887253e-06,1.255852743432566143e+00,7.200000000000000178e+00
1.840813172185552039e-06,1.246805349171053123e+00,7.300000000000000711e+00
1.572214402222756432e-06,1.237823028448578278e+00,7.400000000000000355e+00
1.381471958723854402e-06,1.228905341779254812e+00,7.500000000000000000e+00
1.231827131305089470e-06,1.220051861066280274e+00,7.600000000000000533e+00
1.078828155085585384e-06,1.211262169601937666e+00,7.700000000000000178e+00
8.889192188620260828e-07,1.202535842570475300e+00,7.800000000000000711e+00
6.998756217025829541e-07,1.193872384176613677e+00,7.900000000000000355e+00
5.277296717441451247e-07,1.185271325197841508e+00,8.000000000000000000e+00
3.818516158412403305e-07,1.176732206505377576e+00,8.099999999999999645e+00
2.684874719912944391e-07,1.168254575329323197e+00,8.200000000000001066e+00
1.907590293346374855e-07,1.159837985258663329e+00,8.300000000000000711e+00
1.486638481544937189e-07,1.151481996241265016e+00,8.400000000000000355e+00
1.390752598769873206e-07,1.143186174583878500e+00,8.500000000000000000e+00
1.557423670711435682e-07,1.134950092952137002e+00,8.599999999999999645e+00
1.892900434488870361e-07,1.126773330370555604e+00,8.700000000000001066e+00
2.272189338650384190e-07,1.118655472222533698e+00,8.800000000000000711e+00
2.539054543173217315e-07,1.110596110250352320e+00,8.900000000000000355e+00
2.506017919463582732e-07,1.102594842555175925e+00,9.000000000000000000e+00
2.101618967944409026e-07,1.094651258255930459e+00,9.099999999999999645e+00
1.716630778094879287e-07,1.086764901479195133e+00,9.200000000000001066e+00
1.393358904406844244e-07,1.078935355693586118e+00,9.300000000000000711e+00
1.131028014927159650e-07,1.071162211737602732e+00,9.400000000000000355e+00
9.259953371184698721e-08,1.063445063625147124e+00,9.500000000000000000e+00
7.717506578591994238e-08,1.055783508545525606e+00,9.600000000000001421e+00
6.589163234435603728e-08,1.048177146863448206e+00,9.700000000000001066e+00
5.752472395815383143e-08,1.040625582119028225e+00,9.800000000000000711e+00
5.056308713989024291e-08,1.033128421027783128e+00,9.900000000000000355e+00
4.320872434372033659e-08,1.025685273480633208e+00,1.000000000000000000e+01
2.355555555555555625e+00,0.000000000000000000e+00,0.000000000000000000e+00
1.947389642099980334e+00,4.066478234797512581e-01,1.000000000000000056e-01
1.609971048517504721e+00,7.398808562390563059e-01,2.000000000000000111e-01
1.330937721277928754e+00,1.012548545185633087e+00,3.000000000000000444e-01
1.100103355346415679e+00,1.235238651876090943e+00,4.000000000000000222e-01
9.095141547211452737e-01,1.416218249874947377e+00,5.000000000000000000e-01
7.521604222395146255e-01,1.562773027861654951e+00,6.000000000000000888e-01
6.218843486740787130e-01,1.681303142910555160e+00,7.000000000000000666e-01
5.139418805276645408e-01,1.776739158529737184e+00,8.000000000000000444e-01
4.248190209302364351e-01,1.852732999990416518e+00,9.000000000000000222e-01
3.513474969964402450e-01,1.912577218530289613e+00,1.000000000000000000e+00
2.906566339666322163e-01,1.959255018192410214e+00,1.100000000000000089e+00
2.402689978012082228e-01,1.995340835271719016e+00,1.200000000000000178e+00
1.985445249811648716e-01,2.022538665087321608e+00,1.300000000000000044e+00
1.641301764096501914e-01,2.042254147049730406e+00,1.400000000000000133e+00
1.357751691266293192e-01,2.055786631288551103e+00,1.500000000000000000e+00
1.123371491433632352e-01,2.064322761982228638e+00,1.600000000000000089e+00
9.285437903711793450e-02,2.068861438287215915e+00,1.700000000000000178e+00
7.672898522984167302e-02,2.070023328664775786e+00,1.800000000000000044e+00
6.343309808913591419e-02,2.068356338359305990e+00,1.900000000000000133e+00
5.247855463342784854e-02,2.064367103351450794e+00,2.000000000000000000e+00
4.341902388823397352e-02,2.058518781047033563e+00,2.100000000000000089e+00
3.588661168082445813e-02,2.051192999546802564e+00,2.200000000000000178e+00
2.965462854590730085e-02,2.042624610363941162e+00,2.300000000000000266e+00
2.451714200994248652e-02,2.033026893815173874e+00,2.400000000000000355e+00
2.028411017188122903e-02,2.022596617576914113e+00,2.500000000000000000e+00
1.678177310272797873e-02,2.011513629824464910e+00,2.600000000000000089e+00
1.386977013139748666e-02,1.999923065777180264e+00,2.700000000000000178e+00
1.146124623799705915e-02,1.987914447090534553e+00,2.800000000000000266e+00
9.476042538305813612e-03,1.975570340282125414e+00,2.900000000000000355e+00
7.840266465551045880e-03,1.962966803450555853e+00,3.000000000000000000e+00
6.486334931829091169e-03,1.950173341408934835e+00,3.100000000000000089e+00
5.360602828368605383e-03,1.937244975826648785e+00,3.200000000000000178e+00
4.429688070636449149e-03,1.924215670346511420e+00,3.300000000000000266e+00
3.662516140925119439e-03,1.911116995192831736e+00,3.400000000000000355e+00
3.030417891814004248e-03,1.897978025436294347e+00,3.500000000000000000e+00
2.507130799850819901e-03,1.884825339690744617e+00,3.600000000000000089e+00
2.071937919311858667e-03,1.871679757140309208e+00,3.700000000000000178e+00
1.712048537717900457e-03,1.858553862856048511e+00,3.800000000000000266e+00
1.415518716901956794e-03,1.845459366796440293e+00,3.900000000000000355e+00
1.171285422793509829e-03,1.832407068262781991e+00,4.000000000000000000e+00
9.691665478292377407e-04,1.819406855875895346e+00,4.100000000000000533e+00
8.009296579772543076e-04,1.806466596586072670e+00,4.200000000000000178e+00
6.617130078264232915e-04,1.793590658536386107e+00,4.299999999999999822e+00
5.470250543629512352e-04,1.780783029984839727e+00,4.400000000000000355e+00
4.526605971509856888e-04,1.768047406393801424e+00,4.500000000000000000e+00
3.747041114108486549e-04,1.755387186965024382e+00,4.600000000000000533e+00
3.097338675786648040e-04,1.742805262439378389e+00,4.700000000000000178e+00
2.558112175546429145e-04,1.730302986721761638e+00,4.800000000000000711e+00
2.113599233836348744e-04,1.717881341803462858e+00,4.900000000000000355e+00
1.748528993606656378e-04,1.705541263256325379e+00,5.000000000000000000e+00
1.448326850547824985e-04,1.693283618944205093e+00,5.100000000000000533e+00
1.199114453328773702e-04,1.681109209022947804e+00,5.200000000000000178e+00
9.903451020705940887e-05,1.669018491937992010e+00,5.300000000000000711e+00
8.171839446970161969e-05,1.657011337068074797e+00,5.400000000000000355e+00
6.748395616772219258e-05,1.645087613851765385e+00,5.500000000000000000e+00
5.585120090687905540e-05,1.633247197079132018e+00,5.600000000000000533e+00
4.633928185176998242e-05,1.621489966891741741e+00,5.700000000000000178e+00
3.846649972583195728e-05,1.609815808782661062e+00,5.800000000000000711e+00
3.179425679385606412e-05,1.598224567870809354e+00,5.900000000000000355e+00
2.618384893417380924e-05,1.586715781943067061e+00,6.000000000000000000e+00
2.154548781590347008e-05,1.575288942462752528e+00,6.100000000000000533e+00
1.776786553269844184e-05,1.563943567523917721e+00,6.200000000000000178e+00
1.472605494608366755e-05,1.552679193618684117e+00,6.300000000000000711e+00
1.228150968545591585e-05,1.541495375637241816e+00,6.400000000000000355e+00
1.028206414808361164e-05,1.530391686867850431e+00,6.500000000000000000e+00
8.562064342695929232e-06,1.519367718860344940e+00,6.600000000000000533e+00
7.040004814645955195e-06,1.508422979759101556e+00,6.700000000000000178e+00
5.744543518148395418e-06,1.497556867568509364e+00,6.800000000000000711e+00
4.673890901497881068e-06,1.486768816174165231e+00,6.900000000000000355e+00
3.816987371102191217e-06,1.476058273080038452e+00,7.000000000000000000e+00
3.153503291482296896e-06,1.465424699408471865e+00,7.100000000000000533e+00
2.653838985272368708e-06,1.454867569900180957e+00,7.200000000000000178e+00
2.279124733219746346e-06,1.444386372914254757e+00,7.300000000000000711e+00
1.981220774184963995e-06,1.433980610428155167e+00,7.400000000000000355e+00
1.702717305141729160e-06,1.423649798037717185e+00,7.500000000000000000e+00
1.401496210003153781e-06,1.413393439242625726e+00,7.600000000000000533e+00
1.117911513761225193e-06,1.403210955639807800e+00,7.700000000000000178e+00
8.681187278618284508e-07,1.393101798456091389e+00,7.800000000000000711e+00
6.612760491161407809e-07,1.383065429906452648e+00,7.900000000000000355e+00
5.025370841461425209e-07,1.373101320042955376e+00,8.000000000000000000e+00
3.930508493846274953e-07,1.363208946754751905e+00,8.099999999999999645e+00
3.299617710751993104e-07,1.353387795768082213e+00,8.200000000000001066e+00
3.064096852722734711e-07,1.343637360646275480e+00,8.300000000000000711e+00
3.115298378410745224e-07,1.333957142789747641e+00,8.400000000000000355e+00
3.304528844576371086e-07,1.324346651436003608e+00,8.500000000000000000e+00
3.443048906088068198e-07,1.314805403659636385e+00,8.599999999999999645e+00
3.302073315922410392e-07,1.305332924372326620e+00,8.700000000000001066e+00
2.753826893830331511e-07,1.295928731521228672e+00,8.800000000000000711e+00
2.185318904326096757e-07,1.286592292982265739e+00,8.900000000000000355e+00
1.673442619865074173e-07,1.277323113027812651e+00,9.000000000000000000e+00
1.242509156999304572e-07,1.268120704817936817e+00,9.099999999999999645e+00
9.080406255057904920e-08,1.258984585784626020e+00,9.200000000000001066e+00
6.767701283865192183e-08,1.249914277631788639e+00,9.300000000000000711e+00
5.466417618684281116e-08,1.240909306335253204e+00,9.400000000000000355e+00
5.068106154034255180e-08,1.231969202142768838e+00,9.500000000000000000e+00
5.376427716683883868e-08,1.223093499574005039e+00,9.600000000000001421e+00
6.107153065651617414e-08,1.214281737420551899e+00,9.700000000000001066e+00
6.888162892205560320e-08,1.205533458745919884e+00,9.800000000000000711e+00
7.259447819863492532e-08,1.196848210885539832e+00,9.900000000000000355e+00
6.673108404392901206e-08,1.188225545446762732e+00,1.000000000000000000e+01
2.677777777777777590e+00,0.000000000000000000e+00,0.000000000000000000e+00
2.213784936971598949e+00,4.622668075548627131e-01,1.000000000000000056e-01
1.830206423228328161e+00,8.410873496685806749e-01,2.000000000000000111e-01
1.512913471022835576e+00,1.151147446239974670e+00,3.000000000000000444e-01
1.250582316715722841e+00,1.404217123439442272e+00,4.000000000000000222e-01
1.034030836273150733e+00,1.609840179141615923e+00,5.000000000000000000e-01
8.551188059341614522e-01,1.776477362575680452e+00,6.000000000000000888e-01
7.068590996849654084e-01,1.911390784461277415e+00,7.000000000000000666e-01
5.841767228353974550e-01,2.019854901108223189e+00,8.000000000000000444e-01
4.829687176894577050e-01,2.106133743000235370e+00,9.000000000000000222e-01
3.995041634405863684e-01,2.174104615161810194e+00,1.000000000000000000e+00
3.304218447837913297e-01,2.227260520633330021e+00,1.100000000000000089e+00
2.730707743971265145e-01,2.268356187094735521e+00,1.200000000000000178e+00
2.256696925573791201e-01,2.299242266927925549e+00,1.300000000000000044e+00
1.866048137498962645e-01,2.321595329913610506e+00,1.400000000000000133e+00
1.543957536739335168e-01,2.336953282064320625e+00,1.500000000000000000e+00
1.276992669714561157e-01,2.346711480251199688e+00,1.600000000000000089e+00
1.055283590732872534e-01,2.351894965258924053e+00,1.700000000000000178e+00
8.721213341192075863e-02,2.353200200644486539e+00,1.800000000000000044e+00
7.212089534361615373e-02,2.351280827224369485e+00,1.900000000000000133e+00
5.967632330336430924e-02,2.346737090105996959e+00,2.000000000000000000e+00
4.935460155592853032e-02,2.340112582187948487e+00,2.100000000000000089e+00
4.078462248535187629e-02,2.331792162778098643e+00,2.200000000000000178e+00
3.370668816716310134e-02,2.322044887341065067e+00,2.300000000000000266e+00
2.787561527016142737e-02,2.311124729854532323e+00,2.400000000000000355e+00
2.306622384319798741e-02,2.299264877176411037e+00,2.500000000000000000e+00
1.907531383806503750e-02,2.286675674443598094e+00,2.600000000000000089e+00
1.576271949795667038e-02,2.273501948972381115e+00,2.700000000000000178e+00
1.302751280408488525e-02,2.259847746790494050e+00,2.800000000000000266e+00
1.077434359687370023e-02,2.245811321946737493e+00,2.900000000000000355e+00
8.915627728127258761e-03,2.231482861897759129e+00,3.000000000000000000e+00
7.372619459909320223e-03,2.216943372743047647e+00,3.100000000000000089e+00
6.092154960043514103e-03,2.202247274316681658e+00,3.200000000000000178e+00
5.035082567819256644e-03,2.187434426928689390e+00,3.300000000000000266e+00
4.164406712732601074e-03,2.172542455617960666e+00,3.400000000000000355e+00
3.446108547373535197e-03,2.157605897081462665e+00,3.500000000000000000e+00
2.849631041505516077e-03,2.142655695412236661e+00,3.600000000000000089e+00
2.354622241592686620e-03,2.127712192444131567e+00,3.700000000000000178e+00
1.946014791999722132e-03,2.112790242588759693e+00,3.800000000000000266e+00
1.609536284797676497e-03,2.097903879680632855e+00,3.900000000000000355e+00
1.332017683699935435e-03,2.083065996349820814e+00,4.000000000000000000e+00
1.101543412660181383e-03,2.068288187999231642e+00,4.100000000000000533e+00
9.101282079400708266e-04,2.053577970179595091e+00,4.200000000000000178e+00
7.520947334101718128e-04,2.038940465070325558e+00,4.299999999999999822e+00
6.220189201818786175e-04,2.024380537146033721e+00,4.400000000000000355e+00
5.148517196044527207e-04,2.009902666588563758e+00,4.500000000000000000e+00
4.259294798582907650e-04,1.995510938499132081e+00,4.600000000000000533e+00
3.518856124259849482e-04,1.981208095174372463e+00,4.700000000000000178e+00
2.906732896154809844e-04,1.966995512556876324e+00,4.800000000000000711e+00
2.403156849969200588e-04,1.952874499208541392e+00,4.900000000000000355e+00
1.989360455868584873e-04,1.938846264992755808e+00,5.000000000000000000e+00
1.647576918482703727e-04,1.924911921074400123e+00,5.100000000000000533e+00
1.361963430747533885e-04,1.911072383925026319e+00,5.200000000000000178e+00
1.124261034687981154e-04,1.897327786960715912e+00,5.300000000000000711e+00
9.282472249139954326e-05,1.883678057219254853e+00,5.400000000000000355e+00
7.676369638237443742e-05,1.870123133355224176e+00,5.500000000000000000e+00
6.362202753242300526e-05,1.856662951323721611e+00,5.600000000000000533e+00
5.278622448312919407e-05,1.843297444380362693e+00,5.700000000000000178e+00
4.367027826475616077e-05,1.830026522298546121e+00,5.800000000000000711e+00
3.600199223559599705e-05,1.816849773657037481e+00,5.900000000000000355e+00
2.965109913933097570e-05,1.803766644679632547e+00,6.000000000000000000e+00
2.446035599527819800e-05,1.790776614537213929e+00,6.100000000000000533e+00
2.025930412732710928e-05,1.777879180994151209e+00,6.200000000000000178e+00
1.686426916393929569e-05,1.765073860408299833e+00,6.300000000000000711e+00
1.407836103814868062e-05,1.752360187731002217e+00,6.400000000000000355e+00
1.169294518493826083e-05,1.739737714973276228e+00,6.500000000000000000e+00
9.617119824504786449e-06,1.727205876434658283e+00,6.600000000000000533e+00
7.866652026169847721e-06,1.714764000561835866e+00,6.700000000000000178e+00
6.428040402013052707e-06,1.702411450990312325e+00,6.800000000000000711e+00
5.277179860061996305e-06,1.690147606950963777e+00,6.900000000000000355e+00
4.379361604292143361e-06,1.677971863270038888e+00,7.000000000000000000e+00
3.689273134626893042e-06,1.665883630369158208e+00,7.100000000000000533e+00
3.150998246937573757e-06,1.653882334265315723e+00,7.200000000000000178e+00
2.698017033043416049e-06,1.641967416570877081e+00,7.300000000000000711e+00
2.256415716031408354e-06,1.630138331130502216e+00,7.400000000000000355e+00
1.833032079748559512e-06,1.618394452029835673e+00,7.500000000000000000e+00
1.458986916004462064e-06,1.606735133154215234e+00,7.600000000000000533e+00
1.144838466968370014e-06,1.595159754268165919e+00,7.700000000000000178e+00
8.962245260009482743e-07,1.583667704489422512e+00,7.800000000000000711e+00
7.138624376542955371e-07,1.572258382288931555e+00,7.900000000000000355e+00
5.935490976719260621e-07,1.560931195490849799e+00,8.000000000000000000e+00
5.261609529887800533e-07,1.549685561272545309e+00,8.099999999999999645e+00
4.976540017312211177e-07,1.538520906164596802e+00,8.200000000000001066e+00
4.890637932170362658e-07,1.527436666050794312e+00,8.300000000000000711e+00
4.765054279554350639e-07,1.516432286168138521e+00,8.400000000000000355e+00
4.311735576470504814e-07,1.505507221106840321e+00,8.500000000000000000e+00
3.465546385214790425e-07,1.494660905951353147e+00,8.599999999999999645e+00
2.558030202701494563e-07,1.483892738871336547e+00,8.700000000000001066e+00
1.684848570787545033e-07,1.473202147651245131e+00,8.800000000000000711e+00
9.193542221823462877e-08,1.462588566244703570e+00,8.900000000000000355e+00
3.160855736463170572e-08,1.452051434399766361e+00,9.000000000000000000e+00
-8.923327400911283411e-09,1.441590197658919159e+00,9.099999999999999645e+00
-2.796925359215172883e-08,1.431204307359077887e+00,9.200000000000001066e+00
-2.571967431774559345e-08,1.420893220631589404e+00,9.300000000000000711e+00
-4.246474281250218726e-09,1.410656400402231503e+00,9.400000000000000355e+00
3.249703021887885177e-08,1.400493315391211802e+00,9.500000000000000000e+00
7.867609128928686644e-08,1.390403440113168632e+00,9.600000000000001421e+00
1.265745294417161070e-07,1.380386254877171925e+00,9.700000000000001066e+00
1.665947335930130882e-07,1.370441245786721440e+00,9.800000000000000711e+00
1.872576610651231582e-07,1.360567904739747425e+00,9.900000000000000355e+00
1.752028375850918215e-07,1.350765729428611062e+00,1.000000000000000000e+01
3.000000000000000000e+00,0.000000000000000000e+00,0.000000000000000000e+00
2.480178328850819458e+00,5.178877697916858258e-01,1.000000000000000056e-01
2.050436696650748569e+00,9.422991458904177442e-01,2.000000000000000111e-01
1.694899212648936171e+00,1.289735960728665587e+00,3.000000000000000444e-01
1.401100686139120644e+00,1.573154630307312285e+00,4.000000000000000222e-01
1.158559710398683329e+00,1.803449434219783321e+00,5.000000000000000000e-01
9.580239313703466930e-01,1.990237059282125243e+00,6.000000000000000888e-01
7.918185367130071706e-01,2.141494344906772707e+00,7.000000000000000666e-01
6.544396415212043738e-01,2.262941458277772266e+00,8.000000000000000444e-01
5.411500793205124005e-01,2.359501570357020128e+00,9.000000000000000222e-01
4.476561276267255751e-01,2.435636899791393084e+00,1.000000000000000000e+00
3.701426831819010221e-01,2.495312148224913429e+00,1.100000000000000089e+00
3.058699651491370020e-01,2.541374226906264688e+00,1.200000000000000178e+00
2.528118630311086412e-01,2.575928194250501235e+00,1.300000000000000044e+00
2.090966989185167879e-01,2.600918583650071003e+00,1.400000000000000133e+00
1.730123057646169304e-01,2.618124124578717904e+00,1.500000000000000000e+00
1.430449272673293692e-01,2.629117306127183529e+00,1.600000000000000089e+00
1.182020547756338635e-01,2.634928787798605399e+00,1.700000000000000178e+00
9.770254956842686078e-02,2.636369517564822740e+00,1.800000000000000044e+00
8.081555451191906048e-02,2.634198183126476245e+00,1.900000000000000133e+00
6.687153147340346715e-02,2.629109738499130433e+00,2.000000000000000000e+00
5.528455897592583768e-02,2.621712225572128130e+00,2.100000000000000089e+00
4.568282113888047502e-02,2.612391130743395795e+00,2.200000000000000178e+00
3.776173349677097030e-02,2.601462060676891674e+00,2.300000000000000266e+00
3.123668296666572489e-02,2.589219868976225580e+00,2.400000000000000355e+00
2.584693721705891983e-02,2.575934592383306132e+00,2.500000000000000000e+00
2.136690093682199268e-02,2.561839749862163451e+00,2.600000000000000089e+00
1.765585841754185523e-02,2.547080635130544835e+00,2.700000000000000178e+00
1.459500316570456861e-02,2.531779774358434043e+00,2.800000000000000266e+00
1.207362166872693807e-02,2.516051288005622943e+00,2.900000000000000355e+00
9.990283928476407713e-03,2.499999653254878051e+00,3.000000000000000000e+00
8.258188306329385109e-03,2.483714148022396540e+00,3.100000000000000089e+00
6.823828409677976971e-03,2.467249446700381821e+00,3.200000000000000178e+00
5.640988331650559004e-03,2.450652652052975000e+00,3.300000000000000266e+00
4.666674542977968139e-03,2.433967523882652362e+00,3.400000000000000355e+00
3.861464312188878263e-03,2.417234116842934100e+00,3.500000000000000000e+00
3.191844198681210911e-03,2.400486349552043652e+00,3.600000000000000089e+00
2.637375427325259342e-03,2.383744556168582385e+00,3.700000000000000178e+00
2.180207232570284190e-03,2.367026387205036997e+00,3.800000000000000266e+00
1.803712906423928387e-03,2.350348227228162390e+00,3.900000000000000355e+00
1.492601180440388409e-03,2.333725079074030262e+00,4.000000000000000000e+00
1.233776419351228018e-03,2.317169669655251063e+00,4.100000000000000533e+00
1.019363698939023538e-03,2.300689305377994653e+00,4.200000000000000178e+00
8.425906207607884160e-04,2.284290152938674545e+00,4.299999999999999822e+00
6.970972280952769705e-04,2.267977956529685812e+00,4.400000000000000355e+00
5.769881399071381334e-04,2.251757983641792027e+00,4.500000000000000000e+00
4.770266808116205900e-04,2.235634823250697512e+00,4.600000000000000533e+00
3.940489291484512995e-04,2.219610915886151670e+00,4.700000000000000178e+00
3.256055119254480201e-04,2.203687965480993771e+00,4.800000000000000711e+00
2.693383369788145782e-04,2.187867587084136201e+00,4.900000000000000355e+00
2.230220938120858871e-04,2.172151263706497026e+00,5.000000000000000000e+00
1.845660213134591842e-04,2.156540344482761551e+00,5.100000000000000533e+00
1.524455269991486605e-04,2.141035595939634550e+00,5.200000000000000178e+00
1.258542078127055253e-04,2.125637044050034508e+00,5.300000000000000711e+00
1.039968592261742445e-04,2.110344708982191175e+00,5.400000000000000355e+00
8.609553704170899041e-05,2.095158598703461550e+00,5.500000000000000000e+00
7.138955739157434692e-05,2.080078708980331204e+00,5.600000000000000533e+00
5.913571272347750804e-05,2.065105023153640307e+00,5.700000000000000178e+00
4.881009830062340080e-05,2.050237302246379123e+00,5.800000000000000711e+00
4.022603692230888308e-05,2.035474962523938558e+00,5.900000000000000355e+00
3.317706077177408526e-05,2.020817446449774568e+00,6.000000000000000000e+00
2.744463339101235852e-05,2.006264214503761245e+00,6.100000000000000533e+00
2.279814968077038335e-05,1.991814745182194812e+00,6.200000000000000178e+00
1.899493590054786453e-05,1.977468534997787630e+00,6.300000000000000711e+00
1.578028328283125913e-05,1.963225098444624006e+00,6.400000000000000355e+00
1.299992813975148545e-05,1.949083850913688076e+00,6.500000000000000000e+00
1.065867578148368825e-05,1.935044048023167873e+00,6.600000000000000533e+00
8.731254907601992835e-06,1.921104982085019897e+00,6.700000000000000178e+00
7.180712140118514431e-06,1.907265962718831975e+00,6.800000000000000711e+00
5.958412023483478448e-06,1.893526316851822378e+00,6.900000000000000355e+00
5.004037024585117143e-06,1.879885388718840922e+00,7.000000000000000000e+00
4.245587532749745856e-06,1.866342539862367644e+00,7.100000000000000533e+00
3.599381859741739289e-06,1.852897149132514132e+00,7.200000000000000178e+00
2.983571167943561059e-06,1.839548598552044112e+00,7.300000000000000711e+00
2.422518925097472774e-06,1.826296164605586192e+00,7.400000000000000355e+00
1.938920286306232353e-06,1.813139131164910989e+00,7.500000000000000000e+00
1.540840016105630333e-06,1.800076802229140238e+00,7.600000000000000533e+00
1.230510638203322381e-06,1.787108492663475046e+00,7.700000000000000178e+00
1.004332435478801347e-06,1.774233528199195220e+00,7.800000000000000711e+00
8.528734499834230965e-07,1.761451245433659718e+00,7.900000000000000355e+00
7.608694829403914730e-07,1.748760991830305311e+00,8.000000000000000000e+00
7.072240947447597844e-07,1.736162125718648586e+00,8.099999999999999645e+00
6.650086049634388477e-07,1.723654016294284386e+00,8.200000000000001066e+00
6.014620923351910599e-07,1.711236043618886926e+00,8.300000000000000711e+00
4.940246835250670616e-07,1.698907581602845385e+00,8.400000000000000355e+00
3.771512121906358968e-07,1.686667949264960331e+00,8.500000000000000000e+00
2.648345545622476844e-07,1.674516492853224570e+00,8.599999999999999645e+00
1.659559026227163840e-07,1.662452568397011721e+00,8.700000000000001066e+00
8.708105518201369386e-08,1.650475538699403222e+00,8.800000000000000711e+00
3.246041787725835654e-08,1.638584773337187217e+00,8.900000000000000355e+00
4.029003172724152982e-09,1.626779648660858557e+00,9.000000000000000000e+00
1.406430359837202607e-09,1.615059547794619688e+00,9.099999999999999645e+00
2.189692555717691618e-08,1.603423860636379539e+00,9.200000000000001066e+00
6.048932171047387823e-08,1.591871983857754635e+00,9.300000000000000711e+00
1.098570585926131823e-07,1.580403320904068210e+00,9.400000000000000355e+00
1.603581828036320485e-07,1.569017281994350643e+00,9.500000000000000000e+00
2.000353477707187121e-07,1.557713284121339248e+00,9.600000000000001421e+00
2.146158137482162878e-07,1.546490751051478485e+00,9.700000000000001066e+00
1.899570347086314454e-07,1.535349110794403504e+00,9.800000000000000711e+00
1.570418390554356157e-07,1.524287748952585675e+00,9.900000000000000355e+00
1.298323616348073402e-07,1.513306072806363423e+00,1.000000000000000000e+01
